="Ärende (År:nr)";="Registreringsdatum";="Ärendemening"
="SI 2026:8762";="2026-09-03";="Uppgift om Höglandsskolan med huvudmannen STOCKHOLMS KOMMUN i Stockholms kommun "
="SI 2026:8761";="2026-09-03";="Uppgift om Nils Fredriksson Gymnasium med huvudmannen SVEDALA KOMMUN i Svedala kommun "
="SI 2026:8760";="2026-09-03";="Uppgift om Hermodsdalsskolan med huvudmannen MALMÖ KOMMUN i Malmö kommun "
="SI 2026:8759";="2026-09-03";="Uppgift om LJUSTORPS FÖRSKOLA med huvudmannen TIMRÅ KOMMUN i Timrå kommun "
="SI 2026:8758";="2026-09-03";="Uppgift om Sveaskolan LIMHAMN med huvudmannen Sveaskolan AB i Malmö kommun "
="SI 2026:8757";="2026-09-03";="Anmälan om att använda fjärrundervisning från SÖDRA LAPPLANDS GYMNASIEFÖRBUND för Tärnaby Alpina Gymnasium "
="SI 2026:8756";="2026-09-03";="Anmälan om att använda fjärrundervisning från SÖDRA LAPPLANDS GYMNASIEFÖRBUND för Luspengymnasiet "
="SI 2026:8755";="2026-09-03";="Anmälan om att använda fjärrundervisning från SÖDRA LAPPLANDS GYMNASIEFÖRBUND för Malgomajskolan 1 "
="SI 2026:8754";="2026-09-03";="Uppgift om Rosenvallskolan med huvudmannen SÖDERHAMNS KOMMUN i Söderhamns kommun "
="SI 2026:8753";="2026-09-03";="Anmälan om att använda fjärrundervisning från DOROTEA KOMMUN för Strandenskolan F-9 "
="SI 2026:8752";="2026-09-03";="Anmälan om att använda fjärrundervisning från DOROTEA KOMMUN för Risbäck "
="SI 2026:8751";="2026-09-03";"Uppgift om Nyhemsskolan Varbergs Krist sk med huvudmannen Nyhemsskolan-Varbergs Kristna Skola, ekonomisk förening i Varbergs kommun "
="SI 2026:8750";="2026-09-03";="Uppgift med huvudmannen VINDELNS KOMMUN i Vindelns kommun "
="SI 2026:8749";="2026-09-03";"Tematisk tillsyn, Yrkesförarutbildning för buss inom komvux, av Bergstrands Vuxenutbildningar AB/Bergstrands/Östra Bangatan 2b195 60 ARLANDASTAD för Offentlig huvudman NORRTÄLJE KOMMUN i Norrtälje kommun, läsåret 2026/2027 "
="SI 2026:8748";="2026-09-03";"Tematisk tillsyn, Yrkesförarutbildning för buss inom komvux, av YRKESAKADEMIN AB/Yrkesakademin/Nedre Åkargatan 67 A, 802 51 Gävle för Offentlig huvudman GÄVLE KOMMUN i Gävle kommun, läsåret 2026/2027 "
="SI 2026:8747";="2026-09-03";"Tematisk tillsyn, Yrkesförarutbildning för buss inom komvux, av Sthlm Transp&Fordon Lindvreten för Offentlig huvudman STOCKHOLMS KOMMUN i Stockholms kommun, läsåret 2026/2027 "
="SI 2026:8746";="2026-09-03";="Ansökan om betygsrätt för vuxenutbildning från Södra Folkhögskolan i Ej relevant "
="SI 2026:8745";="2026-09-03";="Uppgift om Montessori Mondial Kungsholmen med huvudmannen International Montessori School Sweden AB i Stockholms kommun "
="SI 2026:8744";="2026-09-03";="Uppgift om Kvarnbackaskolan F-6 med huvudmannen GNESTA KOMMUN i Gnesta kommun "
="SI 2026:8743";="2026-09-03";="Uppgift om Skillngeskolan SO2 med huvudmannen ÄNGELHOLMS KOMMUN i Ängelholms kommun "
="SI 2026:8742";="2026-09-03";"Riktad tillsyn, Skolenhetsnivå, Förskoleklass och Grundskola (inkl. HM) av Nordmarks skola för Offentlig huvudman FILIPSTADS KOMMUN i Filipstads kommun, läsåret 2026/2027 "
="SI 2026:8741";="2026-09-03";="Uppgift om Valstads grundskola med huvudmannen TIDAHOLMS KOMMUN i Tidaholms kommun "
="SI 2026:8740";="2026-09-03";="Remiss slutbetänkandet Jämställdhet i en föränderlig tid ? nuläge och vägar framåt SOU 2026:41 "
="SI 2026:8739";="2026-09-03";="Uppgift om Helenaskolan med huvudmannen SKÖVDE KOMMUN i Skövde kommun "
="SI 2026:8738";="2026-09-03";="Uppgift om Långvinkeln Dibber med huvudmannen Dibber Olymp AB i Helsingborgs kommun "
="SI 2026:8737";="2026-09-03";="Anmälan om att använda fjärrundervisning från SÖDERHAMNS KOMMUN för Bergviksskolan åk F-3 "
="SI 2026:8736";="2026-09-03";="Uppgift om VÄSTRA FÖRSKOLAN med huvudmannen JÖNKÖPINGS KOMMUN i Jönköpings kommun "
="SI 2026:8735";="2026-09-03";="Uppgift om Örbyhus skola med huvudmannen TIERPS KOMMUN i Tierps kommun "
="SI 2026:8734";="2026-09-03";"Uppgift om Kunskapens hus, IM med huvudmannen MUNKEDALS KOMMUN i Munkedals kommun "
="SI 2026:8733";="2026-09-03";"Riktad tillsyn, Skolenhetsnivå, Förskoleklass och Grundskola (inkl. HM) av Kyrkbacksskolan F-6 för Offentlig huvudman LJUSNARSBERGS KOMMUN i Ljusnarsbergs kommun, läsåret 2026/2027 "
="SI 2026:8732";="2026-09-03";="Uppgift om Rönnenskolan med huvudmannen MALMÖ KOMMUN i Malmö kommun "
="SI 2026:8731";="2026-09-03";="Uppgift om Karstorpskolan med huvudmannen LOMMA KOMMUN i Lomma kommun "
="SI 2026:8730";="2026-09-03";"Riktad tillsyn, Skolenhetsnivå, Förskoleklass och Grundskola (inkl. HM) av Lindöskolan för Offentlig huvudman KALMAR KOMMUN i Kalmar kommun, läsåret 2026/2027 "
="SI 2026:8729";="2026-09-03";="Uppgift om Stocka skola med huvudmannen STOCKA SKOLA EKONOMISK FÖRENING i Nordanstigs kommun "
="SI 2026:8728";="2026-09-03";="Uppgift om Lindbackaskolan med huvudmannen LINDESBERGS KOMMUN i Lindesbergs kommun "
="SI 2026:8727";="2026-09-03";"Riktad tillsyn, Skolenhetsnivå, Förskoleklass och Grundskola (inkl. HM) av Söderköpings Waldorfskola för Enskild huvudman STIFTELSEN SÖDERKÖPINGS WALDORFSKOLA i Söderköpings kommun, läsåret 2026/2027 "
="SI 2026:8726";="2026-09-03";="Uppgift om KompetensUtvecklingsInstitutet i Sverige AB (KUI) med huvudmannen MARKARYDS KOMMUN i Markaryds kommun "
="SI 2026:8725";="2026-09-03";="Uppgift om Stadsöskolan 4-6 med huvudmannen LULEÅ KOMMUN i Luleå kommun "
="SI 2026:8724";="2026-09-03";="Uppgift om Vidhögeskolan F-9 och fritidshem med huvudmannen VARBERGS KOMMUN i Varbergs kommun "
="SI 2026:8723";="2026-09-03";"Riktad tillsyn, Individs situation av Stensättersskolan för Offentlig huvudman KATRINEHOLMS KOMMUN i Katrineholms kommun "
="SI 2026:8722";="2026-09-03";="Uppgift om Leteboskolan med huvudmannen Letebo Utbildning AB i Marks kommun "
="SI 2026:8721";="2026-09-03";"Planerad tillsyn, Skolenhetsnivå, Förskoleklass och Grundskola (inkl. HM) av Slottsbergsskolan F-6 för Offentlig huvudman GÖTEBORGS KOMMUN i Göteborgs kommun, läsåret 2026/2027 "
="SI 2026:8720";="2026-09-03";"Planerad tillsyn, Skolenhetsnivå, Förskoleklass och Grundskola (inkl. HM) av Sandeklevsskolan 7-9 för Offentlig huvudman GÖTEBORGS KOMMUN i Göteborgs kommun, läsåret 2026/2027 "
="SI 2026:8719";="2026-09-03";"Planerad tillsyn, Skolenhetsnivå, Förskoleklass och Grundskola (inkl. HM) av Nytorpsskolan 4-9 för Offentlig huvudman GÖTEBORGS KOMMUN i Göteborgs kommun, läsåret 2026/2027 "
="SI 2026:8718";="2026-09-03";"Planerad tillsyn, Skolenhetsnivå, anpassad grundskola (inkl HM) av Nytorpsskolan 4-9 för Offentlig huvudman GÖTEBORGS KOMMUN i Göteborgs kommun, läsåret 2026/2027 "
="SI 2026:8717";="2026-09-03";"Planerad tillsyn, Skolenhetsnivå, anpassad grundskola (inkl HM) av Nordhemsskolan 1-9 för Offentlig huvudman GÖTEBORGS KOMMUN i Göteborgs kommun, läsåret 2026/2027 "
="SI 2026:8716";="2026-09-03";"Planerad tillsyn, Skolenhetsnivå, anpassad grundskola (inkl HM) av Skytteskolan F-9 för Offentlig huvudman GÖTEBORGS KOMMUN i Göteborgs kommun, läsåret 2026/2027 "
="SI 2026:8715";="2026-09-03";="Uppgift om GRÄNDENS FÖRSKOLA med huvudmannen VINGÅKERS KOMMUN i Vingåkers kommun "
="SI 2026:8714";="2026-09-03";="Uppgift i Ängelholms kommun"
="SI 2026:8713";="2026-09-03";="Remiss. Identifiering av barn i behov av stöd för att utveckla sina färdigheter i svenska språket Ds 2026:17 "
="SI 2026:8712";="2026-09-02";="Uppgift om Grebo skola med huvudmannen ÅTVIDABERGS KOMMUN i Åtvidabergs kommun "
="SI 2026:8711";="2026-09-02";="Uppgift om Garphyttans skola med huvudmannen ÖREBRO KOMMUN i Örebro kommun "
="SI 2026:8710";="2026-09-02";="Uppgift om Bäckhammarskolan med huvudmannen SURAHAMMARS KOMMUN i Surahammars kommun "
="SI 2026:8709";="2026-09-02";="Uppgift om Attarpsskolan 7-9 med huvudmannen JÖNKÖPINGS KOMMUN i Jönköpings kommun "
="SI 2026:8708";="2026-09-02";="Uppgift om Spira Teoretiska Gymnasium Stora Essingen med huvudmannen Eruditia AB i Stockholms kommun "
="SI 2026:8707";="2026-09-02";="Uppgift om Älta skola med huvudmannen NACKA KOMMUN i Nacka kommun "
="SI 2026:8706";="2026-09-02";="Uppgift om Värmlandsbro skola med huvudmannen SÄFFLE KOMMUN i Säffle kommun "
="SI 2026:8705";="2026-09-02";="Uppgift om Internationella Engelska Skolan Nacka med huvudmannen Internationella Engelska Skolan i Sverige AB i Nacka kommun "
="SI 2026:8704";="2026-09-02";="Uppgift om Skulltorps skola F-5 med huvudmannen PARTILLE KOMMUN i Partille kommun "
="SI 2026:8703";="2026-09-02";="Uppgift om Vårfruskolan med huvudmannen LUNDS KOMMUN i Lunds kommun "
="SI 2026:8702";="2026-09-02";="Uppgift om Kunskapsskolan Borås med huvudmannen Kunskapsskolan i Sverige Aktiebolag i Borås kommun "
="SI 2026:8701";="2026-09-02";="Uppgift om Östra grundskolan med huvudmannen HUDDINGE KOMMUN i Huddinge kommun "
="SI 2026:8700";="2026-09-02";="Uppgift om Da Vinciskolan med huvudmannen DAVI SKOLAN AKTIEBOLAG i Nacka kommun "
="SI 2026:8699";="2026-09-02";="Uppgift om Sorgenfriskolan med huvudmannen MALMÖ KOMMUN i Malmö kommun "
="SI 2026:8698";="2026-09-02";="Uppgift om Bollstanäs skola med huvudmannen UPPLANDS VÄSBY KOMMUN i Upplands Väsby kommun "
="SI 2026:8697";="2026-09-02";="Uppgift om Särö Montessoriskola Daggdroppen med huvudmannen FÖRENINGEN MONTESSORISKOLAN DAGGDROPPEN i Kungsbacka kommun "
="SI 2026:8696";="2026-09-02";"Planerad tillsyn, Skolenhetsnivå, Förskoleklass och Grundskola (inkl. HM) av Lövgärdesskolan 4-9 för Offentlig huvudman GÖTEBORGS KOMMUN i Göteborgs kommun, läsåret 2026/2027 "
="SI 2026:8695";="2026-09-02";"Ansökan om utdömande av vite i grundärende SI 2025:6243, Utöva planerad tillsyn, Skolenhetsnivå, Förskoleklass och Grundskola av Montessoriskolan Droppen för enskild huvudman HAPARANDA MONTESSORIFÖRENING i Haparanda kommun, läsåret 2025/2026 "
="SI 2026:8694";="2026-09-02";="Utredning av lärare eller förskollärare i Stockholms kommun"
="SI 2026:8693";="2026-09-02";="Uppgift om Vittsjö skola F-6 med huvudmannen HÄSSLEHOLMS KOMMUN i Hässleholms kommun "
="SI 2026:8692";="2026-09-02";="Uppgift om HagaLyckebyskolan med huvudmannen HANINGE KOMMUN i Haninge kommun "
="SI 2026:8691";="2026-09-02";="Uppgift om Sjöparksskolan med huvudmannen GÄLLIVARE KOMMUN i Gällivare kommun "
="SI 2026:8690";="2026-09-02";="Återkallande av godkännanden som inte nyttjas för Tellusskolan AB vid Robinson Husberg i Enköpings kommun "
="SI 2026:8689";="2026-09-02";"Riktad tillsyn, Skolenhetsnivå, Förskoleklass och Grundskola (inkl. HM) av Dammfriskolan för Offentlig huvudman MALMÖ KOMMUN i Malmö kommun, läsåret 2026/2027 "
="SI 2026:8688";="2026-09-02";="Utredning av lärare eller förskollärare i Norrköpings kommun "
="SI 2026:8687";="2026-09-02";="Uppgift om Lärande Grundskola Vira med huvudmannen Lärande förskolor och grundskolor i Sverige AB i Upplands Väsby kommun "
="SI 2026:8686";="2026-09-02";="Uppgift om Arlanda Anpassade Gymnasieskola med huvudmannen SIGTUNA KOMMUN i Sigtuna kommun "
="SI 2026:8685";="2026-09-02";"Riktad tillsyn, Skolenhetsnivå, gymnasieskola (inkl. HM) av Nils Ericsonsgymnasiet 1 för Offentlig huvudman Kunskapsförbundet Väst i Trollhättans kommun, läsåret 2026/2027 "
="SI 2026:8684";="2026-09-02";="Uppgift om Friskolan Lust & Lära med huvudmannen Friskolan Lust & Lära i Bollnäs AB i Bollnäs kommun "
="SI 2026:8683";="2026-09-02";="Utredning av lärare eller förskollärare i Norbergs kommun "
="SI 2026:8682";="2026-09-02";="Ansvarsfördelning för uppdrag i Skolinspektionens regleringsbrev för budgetåret 2026 "
="SI 2026:8681";="2026-09-02";="Uppgift om Kristinedalskolan AGR Anpassad Grundskola med huvudmannen STENUNGSUNDS KOMMUN i Stenungsunds kommun "
="SI 2026:8680";="2026-09-02";"Riktad tillsyn, Skolenhetsnivå, Förskoleklass och Grundskola (inkl. HM) av Bolidenskolan för Offentlig huvudman SKELLEFTEÅ KOMMUN i Skellefteå kommun, läsåret 2026/2027 "
="SI 2026:8679";="2026-09-02";"Riktad tillsyn, Individs situation av Dammfriskolan för Offentlig huvudman MALMÖ KOMMUN i Malmö kommun "
="SI 2026:8678";="2026-09-02";="Uppgift om Vanstaskolan F-9 med huvudmannen NYNÄSHAMNS KOMMUN i Nynäshamns kommun "
="SI 2026:8677";="2026-09-02";="Uppgift med huvudmannen PARTILLE KOMMUN i Partille kommun "
="SI 2026:8676";="2026-09-02";"Planerad tillsyn, Skolenhetsnivå, anpassad grundskola (inkl HM) av Bergsjö skola F-9 för Offentlig huvudman NORDANSTIGS KOMMUN i Nordanstigs kommun, läsåret 2026/2027 "
="SI 2026:8675";="2026-09-02";"Planerad tillsyn, Skolenhetsnivå, Förskoleklass och Grundskola (inkl. HM) av Bergsjö skola F-9 för Offentlig huvudman NORDANSTIGS KOMMUN i Nordanstigs kommun, läsåret 2026/2027 "
="SI 2026:8674";="2026-09-02";="Uppgift om Grebo skola med huvudmannen ÅTVIDABERGS KOMMUN i Åtvidabergs kommun "
="SI 2026:8673";="2026-09-02";"Riktad tillsyn, Individs situation av Skärsätra skola för Offentlig huvudman LIDINGÖ KOMMUN i Lidingö kommun "
="SI 2026:8672";="2026-09-02";="Uppgift om Tågarpskolan med huvudmannen BURLÖVS KOMMUN i Burlövs kommun "
="SI 2026:8671";="2026-09-02";="Uppgift om Fjälkinge skola LM med huvudmannen KRISTIANSTADS KOMMUN i Kristianstads kommun "
="SI 2026:8670";="2026-09-02";="Uppgift om Tegnérskolan med huvudmannen SÄFFLE KOMMUN i Säffle kommun "
="SI 2026:8669";="2026-09-02";="Remiss av promemorian Spetsutbildning i musik i grundskolan ? en försöksverksamhet (Ds 2026:13) "
="SI 2026:8668";="2026-09-02";="Uppgift om Söderby friskola med huvudmannen SÖDERBY FRISKOLA EKONOMISK FÖRENING i Salems kommun "
="SI 2026:8667";="2026-09-01";="Uppgift om Vittsjö skola F-6 med huvudmannen HÄSSLEHOLMS KOMMUN i Hässleholms kommun "
="SI 2026:8666";="2026-09-01";="Uppgift om Haganässkolan 1 med huvudmannen ÄLMHULTS KOMMUN i Älmhults kommun "
="SI 2026:8665";="2026-09-01";="Uppgift om Prästängsskolan med huvudmannen ALVESTA KOMMUN i Alvesta kommun "
="SI 2026:8664";="2026-09-01";"Uppgift om Uddevalla gymnasieskola, Agneberg GLU med huvudmannen UDDEVALLA KOMMUN i Uddevalla kommun "
="SI 2026:8663";="2026-09-01";="Uppgift om Tröingeskolan 1 med huvudmannen FALKENBERGS KOMMUN i Falkenbergs kommun "
="SI 2026:8662";="2026-09-01";="Uppgift om Kullstaskolan med huvudmannen RAGUNDA KOMMUN i Ragunda kommun "
="SI 2026:8661";="2026-09-01";="Uppgift om Bergumsskolan F-9 med huvudmannen GÖTEBORGS KOMMUN i Göteborgs kommun "
="SI 2026:8660";="2026-09-01";="Uppgift om Kristinebergskolan F-9 med huvudmannen OSKARSHAMNS KOMMUN i Oskarshamns kommun "
="SI 2026:8659";="2026-09-01";="Uppgift om Hagatorpskolan med huvudmannen Skolalliansen i Sverige AB i Ljungby kommun "
="SI 2026:8658";="2026-09-01";"Uppgift om Lycée Francais Saint Louis, gr med huvudmannen LYCÉE FRANCAIS SAINT-LOUIS i Stockholms kommun "
="SI 2026:8657";="2026-09-01";="Uppgift om Malmö stad komuvux anpassad jobbskola med huvudmannen MALMÖ KOMMUN i Malmö kommun "
="SI 2026:8656";="2026-09-01";="Remiss av betänkandet En ny speciallärarutbildning (SOU 2026:50) U2026/01497 "
="SI 2026:8655";="2026-09-01";"Annons. Enhetschef till Skolinspektionen i Göteborg, Vikariat "
="SI 2026:8654";="2026-09-01";="Uppgift om Murgårdsskolan med huvudmannen SANDVIKENS KOMMUN i Sandvikens kommun "
="SI 2026:8653";="2026-09-01";="Personuppgiftsbiträdesavtal "
="SI 2026:8652";="2026-09-01";="Personuppgiftsbiträdesavtal "
="SI 2026:8651";="2026-09-01";="Uppgift om Läroverket med huvudmannen HUDIKSVALLS KOMMUN i Hudiksvalls kommun "
="SI 2026:8650";="2026-09-01";="Uppgift om Algebraskolan med huvudmannen ALGEBRAUTBILDNING FÖRENINGEN i Göteborgs kommun "
="SI 2026:8649";="2026-09-01";="Utredning av lärare eller förskollärare i Skellefteå kommun "
="SI 2026:8648";="2026-09-01";="Anmälan om att använda fjärrundervisning från GÖTEBORGS KOMMUN för Fjällskolan F-6 "
="SI 2026:8647";="2026-09-01";"Uppgift om Lärcenter, vuxenutbildningen med huvudmannen SÄFFLE KOMMUN i Säffle kommun "
="SI 2026:8646";="2026-09-01";="Uppgift om Olaus Petriskolan F-6 med huvudmannen ÖREBRO KOMMUN i Örebro kommun "
="SI 2026:8645";="2026-09-01";="Uppgift i Sölvesborgs kommun"
="SI 2026:8644";="2026-09-01";="Uppgift om Edvardslundsskolan F-6 med huvudmannen ESKILSTUNA KOMMUN i Eskilstuna kommun "
="SI 2026:8643";="2026-09-01";="Uppgift om Mubarak Utbildning med huvudmannen Mubarak Utbildning AB i Sollentuna kommun "
="SI 2026:8642";="2026-09-01";="Uppgift om Gantofta skola med huvudmannen HELSINGBORGS KOMMUN i Helsingborgs kommun "
="SI 2026:8641";="2026-09-01";="Uppgift om Amerikanska Gymnasiet Halmstad med huvudmannen Amerikanska Gymnasiet i Sverige AB i Halmstads kommun "
="SI 2026:8640";="2026-09-01";="Uppgift om Fjälkinge skola LM med huvudmannen KRISTIANSTADS KOMMUN i Kristianstads kommun "
="SI 2026:8639";="2026-09-01";="Återkallande av godkännanden som inte nyttjas för Edukatus Alliance AB vid Yrkesgymnasiet Solna i Solna kommun "
="SI 2026:8638";="2026-09-01";="Uppgift om Lillboskolan med huvudmannen OVANÅKERS KOMMUN i Ovanåkers kommun "
="SI 2026:8637";="2026-09-01";"Planerad tillsyn, Skolenhetsnivå, Förskoleklass och Grundskola (inkl. HM) av Prolympia Sundsvall 7-9 för Enskild huvudman ULNO AB i Sundsvalls kommun, läsåret 2026/2027 "
="SI 2026:8636";="2026-09-01";"Planerad tillsyn, Skolenhetsnivå, anpassad grundskola (inkl HM) av Nybyskolan för Offentlig huvudman ROBERTSFORS KOMMUN i Robertsfors kommun, läsåret 2026/2027 "
="SI 2026:8635";="2026-09-01";="Uppgift om Sjöparksskolan med huvudmannen GÄLLIVARE KOMMUN i Gällivare kommun "
="SI 2026:8634";="2026-08-31";="Ansökan om betygsrätt för vuxenutbildning från Vikarielänken AB i Ej relevant "
="SI 2026:8633";="2026-08-31";="Uppgift om Brönjaskolan med huvudmannen BODENS KOMMUN i Bodens kommun "
="SI 2026:8632";="2026-08-31";="Uppgift om Hammarbyskolan Södra med huvudmannen STOCKHOLMS KOMMUN i Stockholms kommun "
="SI 2026:8631";="2026-08-31";="Uppgift om Vuxenutbildning enhet 2 med huvudmannen SKÖVDE KOMMUN i Skövde kommun "
="SI 2026:8630";="2026-08-31";="Uppgift om Friskolan i Kärna med huvudmannen MONA HURTIG SKOL AB i Kungälvs kommun "
="SI 2026:8629";="2026-08-31";="Uppgift om Böskolans friskola med huvudmannen BÖSKOLANS FRISKOLA EK.FÖR. i Göteborgs kommun "
="SI 2026:8628";="2026-08-31";="Uppgift om Perslundaskolan åk 7-9 med huvudmannen OCKELBO KOMMUN i Ockelbo kommun "
="SI 2026:8627";="2026-08-31";="Uppgift om Söderporten 1 med huvudmannen NORRKÖPINGS KOMMUN i Norrköpings kommun "
="SI 2026:8626";="2026-08-31";"Riktad tillsyn, Skolenhetsnivå, Förskoleklass och Grundskola (inkl. HM) av Våxtorpsskolan 7-9 för Offentlig huvudman LAHOLMS KOMMUN i Laholms kommun, läsåret 2025/2026 "
="SI 2026:8625";="2026-08-31";="Uppgift om Geneskolan med huvudmannen ÖRNSKÖLDSVIKS KOMMUN i Örnsköldsviks kommun "
="SI 2026:8624";="2026-08-31";="Uppgift om Möllevångsskolan med huvudmannen MALMÖ KOMMUN i Malmö kommun "
="SI 2026:8623";="2026-08-31";="Avtal gällande Konsultstöd IT "
="SI 2026:8622";="2026-08-31";="Upphandling gällande Konsultstöd IT "
="SI 2026:8621";="2026-08-31";="Återkallande av godkännande som inte nyttjas för Edukatus Alliance AB vid Affärsgymnasiet Sports Academy Umeå  i Umeå kommun "
="SI 2026:8620";="2026-08-31";"Riktad tillsyn, Skolenhetsnivå, gymnasieskola (inkl. HM) av Kunskapscompaniets Gymnasium i Eskilstuna för Enskild huvudman Kunskapscompaniet Gymnasium KCGY AB i Eskilstuna kommun, läsåret 2026/2027 "
="SI 2026:8619";="2026-08-31";="Uppgift om Brogårdaskolan med huvudmannen BJUVS KOMMUN i Bjuvs kommun "
="SI 2026:8618";="2026-08-31";="Återkallande av godkännanden som inte nyttjas för ERASTOS AB vid Nyköpings Enskilda Gymnasium i Nyköpings kommun "
="SI 2026:8617";="2026-08-31";="Uppgift om Christinaskolan 7-9 med huvudmannen PITEÅ KOMMUN i Piteå kommun "
="SI 2026:8616";="2026-08-31";="Uppgift om Karlbergsskolan med huvudmannen KARLSKOGA KOMMUN i Karlskoga kommun "
="SI 2026:8615";="2026-08-31";="Uppgift om Borgsmoskolan 1 med huvudmannen NORRKÖPINGS KOMMUN i Norrköpings kommun "
="SI 2026:8614";="2026-08-31";="Uppgift om Bergstrands Gymnasium Stockholm med huvudmannen Bergstrands Gymnasium AB i Stockholms kommun "
="SI 2026:8613";="2026-08-31";="Anmälan om att utföra fjärrundervisning åt annan huvudman från BORÅS KOMMUN för Sundlergymnasiet i Vårgårda kommun "
="SI 2026:8612";="2026-08-31";="Uppgift om Brunnbyskolan med huvudmannen LINKÖPINGS KOMMUN i Linköpings kommun "
="SI 2026:8611";="2026-08-31";="Uppgift med huvudmannen SVEDALA KOMMUN i Svedala kommun "
="SI 2026:8610";="2026-08-31";="Uppgift om Möllevångsskolan med huvudmannen MALMÖ KOMMUN i Malmö kommun "
="SI 2026:8609";="2026-08-31";="Anmälan om att utföra fjärrundervisning åt annan huvudman från LUNDS KOMMUN för Freinetskolan i Lund i Lunds kommun "
="SI 2026:8608";="2026-08-31";="Uppgift om Ekbackens skola med huvudmannen LINDESBERGS KOMMUN i Lindesbergs kommun "
="SI 2026:8607";="2026-08-31";="Anmälan om att utföra fjärrundervisning åt annan huvudman från LUNDS KOMMUN för Freinetskolan i Lund i Lunds kommun "
="SI 2026:8606";="2026-08-31";="Uppgift med huvudmannen HELSINGBORGS KOMMUN i Helsingborgs kommun "
="SI 2026:8605";="2026-08-31";="Uppgift om Innovitaskolan Nyköping 2 med huvudmannen AcadeMedia Grundskolor AB i Nyköpings kommun "
="SI 2026:8604";="2026-08-31";="Uppgift om Vikbolandsskolan 2 med huvudmannen NORRKÖPINGS KOMMUN i Norrköpings kommun "
="SI 2026:8603";="2026-08-31";="Uppgift om Gullviksskolan med huvudmannen MALMÖ KOMMUN i Malmö kommun "
="SI 2026:8602";="2026-08-31";"Tematisk tillsyn, Yrkesförarutbildning för buss inom komvux, av Komvux Sjöbo för Offentlig huvudman SJÖBO KOMMUN i Sjöbo kommun, läsåret 2026/2027 "
="SI 2026:8601";="2026-08-31";="Uppgift om JENSEN grundskola Sickla med huvudmannen JENSEN EDUCATION COLLEGE AB i Nacka kommun "
="SI 2026:8600";="2026-08-31";="Uppgift om Molnets förskola med huvudmannen UPPSALA KOMMUN i Uppsala kommun "
="SI 2026:8599";="2026-08-31";="Uppgift om Snapphaneskolan med huvudmannen ÖSTRA GÖINGE KOMMUN i Östra Göinge kommun "
="SI 2026:8598";="2026-08-30";="Uppgift om Myrsjö anpassade grund- och gymnasieskola med huvudmannen NACKA KOMMUN i Nacka kommun "
="SI 2026:8597";="2026-08-30";="Uppgift med huvudmannen ÖSTRA GÖINGE KOMMUN i Östra Göinge kommun "
="SI 2026:8596";="2026-08-30";="Uppgift om Lunds Montessorigrundskola med huvudmannen FÖRENINGEN LUNDS MONTESSORIGRUNDSKOLA i Lunds kommun "
="SI 2026:8595";="2026-08-30";="Ansökan om betygsrätt för vuxenutbildning från Twimny AB i Ej relevant "
="SI 2026:8594";="2026-08-30";="Uppgift om Kramfors gymnasium med huvudmannen KRAMFORS KOMMUN i Kramfors kommun "
="SI 2026:8593";="2026-08-30";="Uppgift om Vallhallaskolan F-9 med huvudmannen OSKARSHAMNS KOMMUN i Oskarshamns kommun "
="SI 2026:8592";="2026-08-30";="Uppgift om Innovitaskolan Södertälje med huvudmannen Kringlaskolan AB i Södertälje kommun "
="SI 2026:8591";="2026-08-30";="Uppgift om Gåvsta skola med huvudmannen UPPSALA KOMMUN i Uppsala kommun "
="SI 2026:8590";="2026-08-30";="Uppgift om Ramunderskolan med huvudmannen SÖDERKÖPINGS KOMMUN i Söderköpings kommun "
="SI 2026:8589";="2026-08-29";="Uppgift om Malmaskolan med huvudmannen FLENS KOMMUN i Flens kommun "
="SI 2026:8588";="2026-08-29";="Uppgift om Tundalsskolan med huvudmannen ROBERTSFORS KOMMUN i Robertsfors kommun "
="SI 2026:8587";="2026-08-29";="Uppgift om Malmaskolan med huvudmannen FLENS KOMMUN i Flens kommun "
="SI 2026:8586";="2026-08-29";="Uppgift om Innovitaskolan Rudan med huvudmannen AcadeMedia Grundskolor AB i Haninge kommun "
="SI 2026:8585";="2026-08-29";="Uppgift om Navetskolan med huvudmannen KARLSHAMNS KOMMUN i Karlshamns kommun "
="SI 2026:8584";="2026-08-29";="Uppgift om Erikslundskolan F-6 med huvudmannen BORÅS KOMMUN i Borås kommun "
="SI 2026:8583";="2026-08-29";="Uppgift om Silverskolan med huvudmannen ARJEPLOGS KOMMUN i Arjeplogs kommun "
="SI 2026:8582";="2026-08-29";="Uppgift om Måsöskolan med huvudmannen HANINGE KOMMUN i Haninge kommun "
="SI 2026:8581";="2026-08-29";="Uppgift om Södermalmsskolan 4-6 med huvudmannen KRISTINEHAMNS KOMMUN i Kristinehamns kommun "
="SI 2026:8580";="2026-08-29";="Uppgift om Berga naturbruksgymnasium med huvudmannen DILLE GÅRD AB i Haninge kommun "
="SI 2026:8579";="2026-08-29";="Uppgift om Förskolan Beväringsgatan 3 med huvudmannen GÖTEBORGS KOMMUN i Göteborgs kommun "
="SI 2026:8578";="2026-08-28";"Uppgift om Luleå gymnasieskola, skolenhet C med huvudmannen LULEÅ KOMMUN i Luleå kommun "
="SI 2026:8577";="2026-08-28";="Uppgift om Nakterhusskolan med huvudmannen HANINGE KOMMUN i Haninge kommun "
="SI 2026:8576";="2026-08-28";="Uppgift om Vittra Södermalm med huvudmannen Vittraskolorna AB i Stockholms kommun "
="SI 2026:8575";="2026-08-28";"Uppgift om Martinaskolan med huvudmannen Waldorfföreningen, Martinaskolan, ekonomisk förening i Göteborgs kommun "
="SI 2026:8574";="2026-08-28";="Uppgift om Kastalskolan med huvudmannen ÖSTERSUNDS KOMMUN i Östersunds kommun "
="SI 2026:8573";="2026-08-28";="Uppgift om JENSEN grundskola Långholmen med huvudmannen JENSEN EDUCATION COLLEGE AB i Stockholms kommun "
="SI 2026:8572";="2026-08-28";="Uppgift om MALMBRYGGSHAGENS FÖRSKOLA med huvudmannen NYKÖPINGS KOMMUN i Nyköpings kommun "
="SI 2026:8571";="2026-08-28";="Uppgift om SOFIELUNDS FÖRSKOLA med huvudmannen SOLLENTUNA KOMMUN i Sollentuna kommun "
="SI 2026:8570";="2026-08-28";="Uppgift om Gymnasieskolan Gripen med huvudmannen Gymnasieskolan Gripen AB i Malmö kommun "
="SI 2026:8569";="2026-08-28";="Uppgift om Risbroskolan med huvudmannen FAGERSTA KOMMUN i Fagersta kommun "
="SI 2026:8568";="2026-08-28";="Upplåtelseförteckning för kontroll av uppgifter i Statskontorets kontrakts- och användarregister (KAR) 2026 "
="SI 2026:8567";="2026-08-28";="Uppgift om Hjuviksskolan F-3 med huvudmannen GÖTEBORGS KOMMUN i Göteborgs kommun "
="SI 2026:8566";="2026-08-28";="Uppgift om Jättestensskolan F-9 med huvudmannen GÖTEBORGS KOMMUN i Göteborgs kommun "
="SI 2026:8565";="2026-08-28";"Riktad tillsyn, Individs situation av KUMMINGATAN 126 FÖRSKOLA för Offentlig huvudman GÖTEBORGS KOMMUN i Göteborgs kommun "
="SI 2026:8564";="2026-08-28";="Uppgift om Skälbyskolan med huvudmannen JÄRFÄLLA KOMMUN i Järfälla kommun "
="SI 2026:8563";="2026-08-28";="Uppgift om Martinskolan Söders waldorfskola med huvudmannen STIFTELSEN MARTINSKOLAN SÖDERS WALDORFSKOLA i Stockholms kommun "
="SI 2026:8562";="2026-08-28";="Uppgift om Kallingeskolan 7-9 med huvudmannen RONNEBY KOMMUN i Ronneby kommun "
="SI 2026:8561";="2026-08-28";="Uppgift om Stenungsunds Montessoriskola med huvudmannen STENUNGSUNDS MONTESSORI EKONOMISKA FÖRENING i Stenungsunds kommun "
="SI 2026:8560";="2026-08-28";="Uppgift om Fjällenskolan med huvudmannen JÄRFÄLLA KOMMUN i Järfälla kommun "
="SI 2026:8559";="2026-08-28";="Uppgift om Svalstaskolan med huvudmannen NYKÖPINGS KOMMUN i Nyköpings kommun "
="SI 2026:8558";="2026-08-28";="Uppgift om S:t Eriks Katolska Skola med huvudmannen STIFTELSEN S:T ERIKS KATOLSKA SKOLA i Stockholms kommun "
="SI 2026:8557";="2026-08-28";="Uppgift om VATTNÄS FÖRÄLDRAKOOPERATIV EKONOMISK FÖRENING med huvudmannen VATTNÄS FÖRÄLDRAKOOPERATIV EKONOMISK FÖRENING i Mora kommun "
="SI 2026:8556";="2026-08-28";="Uppgift om Hässelby Villastads skola med huvudmannen STOCKHOLMS KOMMUN i Stockholms kommun "
="SI 2026:8555";="2026-08-28";="Uppgift om Finnstaskolan med huvudmannen UPPLANDS-BRO KOMMUN i Upplands-Bro kommun "
="SI 2026:8554";="2026-08-28";="Anmälan om förändring inom ägar- och ledningskretsen från 021 Skol AB i Ej relevant "
="SI 2026:8553";="2026-08-28";="Uppgift om Emiliaskolan Höörs waldorfsk. med huvudmannen FÖRENINGEN EMILIASKOLAN i Höörs kommun "
="SI 2026:8552";="2026-08-28";"Tematisk tillsyn, Huvudmannens klagomålshantering, av Kvarsebo skola för Enskild huvudman KVARSEBO SKOLA i Norrköpings kommun, läsåret 2026/2027 "
="SI 2026:8551";="2026-08-28";="Återkalla beslut Ekonomigymnasiet i Göteborgför Senecafinans AB i Göteborgs kommun "
="SI 2026:8550";="2026-08-28";="Uppgift om Östra gymnasiet med huvudmannen HUDDINGE KOMMUN i Huddinge kommun "
="SI 2026:8549";="2026-08-28";="Uppgift om Montessoriskolan Fyrkappan med huvudmannen MONTESSORISKOLAN FYRKAPPAN EKONOMISK FÖRENING i Sjöbo kommun "
="SI 2026:8548";="2026-08-28";="Uppgift om Olaus Petriskolan F-6 med huvudmannen ÖREBRO KOMMUN i Örebro kommun "
="SI 2026:8547";="2026-08-28";="Uppgift om Fors skola med huvudmannen AVESTA KOMMUN i Avesta kommun "
="SI 2026:8546";="2026-08-28";="Uppgift om Sverigefinska skolan Sthlm med huvudmannen Sverigefinska skolan i Stockholm AB i Stockholms kommun "
="SI 2026:8545";="2026-08-28";="Uppgift om Hagaskolan 1 med huvudmannen NORRKÖPINGS KOMMUN i Norrköpings kommun "
="SI 2026:8544";="2026-08-28";="Uppgift om Sveriges Ridgymnasium Svedala med huvudmannen Sveriges Ridgymnasium AB i Svedala kommun "
="SI 2026:8543";="2026-08-28";="Uppgift om Olandsskolan med huvudmannen ÖSTHAMMARS KOMMUN i Östhammars kommun "
="SI 2026:8542";="2026-08-28";"Riktad tillsyn, Skolenhetsnivå, Förskoleklass och Grundskola (inkl. HM) av Tunboskolan för Offentlig huvudman HALLSTAHAMMARS KOMMUN i Hallstahammars kommun, läsåret 2026/2027 "
="SI 2026:8541";="2026-08-28";="Uppgift om Väståkraskolan med huvudmannen TRELLEBORGS KOMMUN i Trelleborgs kommun "
="SI 2026:8540";="2026-08-28";="Uppgift om Angeredsgymnasiet 2 med huvudmannen GÖTEBORGS KOMMUN i Göteborgs kommun "
="SI 2026:8539";="2026-08-28";="Uppgift om HagaLyckebyskolan med huvudmannen HANINGE KOMMUN i Haninge kommun "
="SI 2026:8538";="2026-08-28";="Anmäla lärare eller förskollärare till Lärarnas ansvarsnämnd i Norrköpings kommun "
="SI 2026:8537";="2026-08-28";="Uppgift om Kungsholmens grundskola med huvudmannen STOCKHOLMS KOMMUN i Stockholms kommun "
="SI 2026:8536";="2026-08-28";="Uppgift om Navetskolan med huvudmannen KARLSHAMNS KOMMUN i Karlshamns kommun "
